<?xml version="1.0" encoding="utf-8"?>
<!--
  FOURJS_START_COPYRIGHT(P,2002)
  Property of Four Js*
  (c) Copyright Four Js 2002, 2016. All Rights Reserved.
  * Trademark of Four Js Development Tools Europe Ltd
    in the United States and elsewhere
  FOURJS_END_COPYRIGHT
-->
<EDScintillaLexerInput LanguageName="FGL" LexerName="fgl" LineComment="-- #" BlockCommentStart="{" BlockCommentEnd="}">
<WordCharactors CaseSensitive="false"></WordCharactors>
<BlockStartCharacters Style="-1"></BlockStartCharacters>
<BlockEndCharacters Style="-1"></BlockEndCharacters>
<BlockStartKeywords Style="-1"></BlockStartKeywords>
<Brace Style="6"/>
<AutoCompletionWordSeparators>.</AutoCompletionWordSeparators>
<AutoCompletionFillUps>()[]|!&amp;^@#%-+=/&lt;&gt;{}?,\"';:\\</AutoCompletionFillUps>
<KeywordSets>
<Set KeywordID="1">ABSOLUTE ACCEPT ACTION ACTIONS ADD AFTER ALL ALTER AND ANSI ANY APPEND APPLICATION ARRAY AS ASC ASCENDING ASCII AT ATTRIBUTE ATTRIBUTES AUDIT AUTO AVG BEFORE BEGIN BETWEEN BIGINT BIGSERIAL BLACK BLINK BLUE BOLD BOOLEAN BORDER BOTTOM BREAKPOINT BUFFER BUFFERED BY BYTE CACHE CALL CANCEL CASCADE CASE CAST CATCH CENTURY CHANGE CHAR CHARACTER CHECK CIRCUIT CLEAR CLIPPED CLOSE CLUSTER COLLAPSE COLUMN COLUMNS COMMAND COMMENT COMMIT COMMITTED CONCURRENT CONNECT CONNECTION CONSTANT CONSTRAINED CONSTRAINT CONSTRUCT CONTINUE CONTROL COUNT CREATE CROSS CURRENT CURSOR CYAN CYCLE DATABASE DATE DATETIME DAY DBA DBSERVERNAME DEC DECIMAL DECLARE DEFAULT DEFAULTS DEFER DEFINE DELETE DELIMITER DESC DESCENDING DESCRIBE DESTINATION DIALOG DIM DIMENSION DIRTY DISCONNECT DISPLAY DISTINCT DORMANT DOUBLE DOWN DRAG_ENTER DRAG_FINISHED DRAG_OVER DRAG_START DROP DYNAMIC ELSE END ERROR ESCAPE EVERY EXCLUSIVE EXECUTE EXISTS EXIT EXPAND EXPLAIN EXTEND EXTENT EXTERNAL FALSE FETCH FGL FGL_DRAWBOX FIELD FIELD_TOUCHED FILE FILL FINISH FIRST FLOAT FLUSH FOR FOREACH FOREIGN FORM FORMAT FOUND FRACTION FREE FROM FULL FUNCTION GET_FLDBUF GLOBALS GO GOTO GRANT GREEN GROUP HANDLER HAVING HEADER HELP HIDE HOLD HOUR IDLE IF IIF IMAGE IMMEDIATE IMPORT IN INCREMENT INDEX INFIELD INITIALIZE INNER INOUT INPUT INSERT INSTANCEOF INT INT8 INTEGER INTERRUPT INTERVAL INTO INVISIBLE IS ISOLATION JAVA JOIN KEEP KEY LABEL LAST LEFT LENGTH LET LIKE LIMIT LINE LINENO LINES LOAD LOCATE LOCK LOCKS LOG LSTR LVARCHAR MAGENTA MAIN MARGIN MATCHES MAX MAXCOUNT MAXVALUE MDY MEMORY MENU MESSAGE MIDDLE MIN MINUTE MINVALUE MOD MODE MODIFY MONEY MONTH NAME NATURAL NCHAR NEED NEXT NO NOCACHE NOCYCLE NOMAXVALUE NOMINVALUE NOORDER NORMAL NOT NOTFOUND NULL NUMERIC NVARCHAR NVL OF OFF ON OPEN OPTION OPTIONS OR ORD ORDER OTHERWISE OUT OUTER OUTPUT PAGE PAGENO PAUSE PERCENT PICTURE PIPE PRECISION PREPARE PREVIOUS PRIMARY PRINT PRINTER PRINTX PRIOR PRIVATE PRIVILEGES PROCEDURE PROGRAM PROMPT PUBLIC PUT QUIT RAISE READ REAL RECORD RECOVER RED REFERENCES RELATIVE RELEASE RENAME REOPTIMIZATION REPEATABLE REPORT RESOURCE RESTART RETAIN RETURN RETURNING REVERSE REVOKE RIGHT ROLLBACK ROLLFORWARD ROW ROWS RUN SAVEPOINT SCHEMA SCREEN SCROLL SECOND SELECT SEQUENCE SERIAL SERIAL8 SET SFMT SHARE SHIFT SHORT SHOW SIGNAL SITENAME SIZE SKIP SLEEP SMALLFLOAT SMALLINT SOME SPACE SPACES SQL SQLERRMESSAGE SQLERROR SQLSTATE STABILITY START START_WITH STATISTICS STEP STOP STRING STYLE SUBDIALOG SUM SYNONYM TABLE TEMP TERMINATE TEXT THEN THROUGH THRU TIME TINYINT TO TODAY TOP TRAILER TRANSACTION TRUE TRUNCATE TRY TYPE UNBUFFERED UNCONSTRAINED UNDERLINE UNION UNIQUE UNITS UNLOAD UNLOCK UP UPDATE USER USING VALIDATE VALUE VALUES VARCHAR VIEW WAIT WAITING WARNING WEEKDAY WHEN WHENEVER WHERE WHILE WHITE WINDOW WITH WITHOUT WORDWRAP WORK WRAP XML YEAR YELLOW</Set>
</KeywordSets>
</EDScintillaLexerInput>
