<?xml version='1.0' encoding='UTF-8'?>
<dataTypes>
  <dataType name="B001.文字型态:clob" type="" length="" isnull="" default=""/>
  <dataType name="B002.二进制大型对象:blob" type="" length="" isnull="" default=""/>
  <dataType name="C001.一般flag:varchar2(1)" type="" length="" isnull="" default=""/>
  <dataType name="C002.一般编号:varchar2(10)" type="" length="" isnull="" default=""/>
  <dataType name="C003.长代码:varchar2(40)" type="" length="" isnull="" default=""/>
  <dataType name="C004.交易对象:varchar2(10)" type="" length="" isnull="" default=""/>
  <dataType name="C005.交易条件:varchar2(10)" type="" length="" isnull="" default=""/>
  <dataType name="C006.人员代码:varchar2(20)" type="" length="" isnull="" default=""/>
  <dataType name="C007.组织编号:varchar2(10)" type="" length="" isnull="" default=""/>
  <dataType name="C008.币别:varchar2(10)" type="" length="" isnull="" default=""/>
  <dataType name="C009.单位:varchar2(10)" type="" length="" isnull="" default=""/>
  <dataType name="C010.税别:varchar2(10)" type="" length="" isnull="" default=""/>
  <dataType name="C011.税籍编号/统一编号:varchar2(20)" type="" length="" isnull="" default=""/>
  <dataType name="C012.分类码/分群码:varchar2(10)" type="" length="" isnull="" default=""/>
  <dataType name="C013.原因码:varchar2(10)" type="" length="" isnull="" default=""/>
  <dataType name="C014.版本:varchar2(10)" type="" length="" isnull="" default=""/>
  <dataType name="C015.身份证号/护照号码:varchar2(20)" type="" length="" isnull="" default=""/>
  <dataType name="C016.海关代号:varchar2(10)" type="" length="" isnull="" default=""/>
  <dataType name="C020.控制组编号:varchar2(10)" type="" length="" isnull="" default=""/>
  <dataType name="C021.Tag二进制代码:varchar2(256)" type="" length="" isnull="" default=""/>
  <dataType name="C090.项目号码:varchar2(20)" type="" length="" isnull="" default=""/>
  <dataType name="C091.WBS编号:varchar2(30)" type="" length="" isnull="" default=""/>
  <dataType name="C092.活动代号:varchar2(30)" type="" length="" isnull="" default=""/>
  <dataType name="C101.名称/简称:varchar2(80)" type="" length="" isnull="" default=""/>
  <dataType name="C102.全名/全称:varchar2(255)" type="" length="" isnull="" default=""/>
  <dataType name="C103.短说明:varchar2(80)" type="" length="" isnull="" default=""/>
  <dataType name="C104.长说明:varchar2(500)" type="" length="" isnull="" default=""/>
  <dataType name="C105.短备注:varchar2(255)" type="" length="" isnull="" default=""/>
  <dataType name="C106.长备注:varchar2(4000)" type="" length="" isnull="" default=""/>
  <dataType name="C107. l_sql/l_cmd/p_cron:varchar2(500)" type="" length="" isnull="" default=""/>
  <dataType name="C109.时间((时:分:秒):varchar2(8)" type="" length="" isnull="" default=""/>
  <dataType name="C150.电话/传真/手机:varchar2(20)" type="" length="" isnull="" default=""/>
  <dataType name="C151.邮政编号:varchar2(12)" type="" length="" isnull="" default=""/>
  <dataType name="C152.地址:varchar2(4000)" type="" length="" isnull="" default=""/>
  <dataType name="C153.Email:varchar2(80)" type="" length="" isnull="" default=""/>
  <dataType name="C154.简讯字段:varchar2(80)" type="" length="" isnull="" default=""/>
  <dataType name="C201.单据性质:varchar2(10)" type="" length="" isnull="" default=""/>
  <dataType name="C202.单别:varchar2(5)" type="" length="" isnull="" default=""/>
  <dataType name="C203.单据号码:varchar2(20)" type="" length="" isnull="" default=""/>
  <dataType name="C204.非系统单据号码:varchar2(20)" type="" length="" isnull="" default=""/>
  <dataType name="C205.L/C no.:varchar2(20)" type="" length="" isnull="" default=""/>
  <dataType name="C206.runcard:varchar2(5)" type="" length="" isnull="" default=""/>
  <dataType name="C207.合同手册编号:varchar2(20)" type="" length="" isnull="" default=""/>
  <dataType name="C301.料号:varchar2(40)" type="" length="" isnull="" default=""/>
  <dataType name="C302.品名规格:varchar2(255)" type="" length="" isnull="" default=""/>
  <dataType name="C303.仓库/储位:varchar2(10)" type="" length="" isnull="" default=""/>
  <dataType name="C304.批号:varchar2(30)" type="" length="" isnull="" default=""/>
  <dataType name="C305.特征码:varchar2(30)" type="" length="" isnull="" default=""/>
  <dataType name="C306.插件位置:varchar2(10)" type="" length="" isnull="" default=""/>
  <dataType name="C307.条形码:varchar2(40)" type="" length="" isnull="" default=""/>
  <dataType name="C401.工作站:varchar2(10)" type="" length="" isnull="" default=""/>
  <dataType name="C402.作业编号:varchar2(10)" type="" length="" isnull="" default=""/>
  <dataType name="C403.机器设备编号:varchar2(20)" type="" length="" isnull="" default=""/>
  <dataType name="C404.制程编号:varchar2(10)" type="" length="" isnull="" default=""/>
  <dataType name="C430.成本项目编号:varchar2(6)" type="" length="" isnull="" default=""/>
  <dataType name="C450.麦头资料:varchar2(30)" type="" length="" isnull="" default=""/>
  <dataType name="C480.多角流程代码:varchar2(10)" type="" length="" isnull="" default=""/>
  <dataType name="C481.多角序号:varchar2(20)" type="" length="" isnull="" default=""/>
  <dataType name="C501.帐别:varchar2(5)" type="" length="" isnull="" default=""/>
  <dataType name="C502.科目编号:varchar2(24)" type="" length="" isnull="" default=""/>
  <dataType name="C503.银行编号:varchar2(15)" type="" length="" isnull="" default=""/>
  <dataType name="C504.银行账号:varchar2(30)" type="" length="" isnull="" default=""/>
  <dataType name="C505.支票号码:varchar2(20)" type="" length="" isnull="" default=""/>
  <dataType name="C506.异动码:varchar2(4)" type="" length="" isnull="" default=""/>
  <dataType name="C507.核算项值:varchar2(30)" type="" length="" isnull="" default=""/>
  <dataType name="C508.产品特征字符串:varchar2(256)" type="" length="" isnull="" default=""/>
  <dataType name="C509.预算编号:varchar2(10)" type="" length="" isnull="" default=""/>
  <dataType name="C510.:varchar2(2)" type="" length="" isnull="" default=""/>
  <dataType name="C511.计算公式:varchar2(256)" type="" length="" isnull="" default=""/>
  <dataType name="C550.发票格式:varchar2(2)" type="" length="" isnull="" default=""/>
  <dataType name="C551.发票字轨:varchar2(2)" type="" length="" isnull="" default=""/>
  <dataType name="C552.发票号码/INVOICE:varchar2(20)" type="" length="" isnull="" default=""/>
  <dataType name="C580.财产编号:varchar2(20)" type="" length="" isnull="" default=""/>
  <dataType name="C581.财产附号:varchar2(20)" type="" length="" isnull="" default=""/>
  <dataType name="C601.场地摊位代码(流通专用):varchar2(20)" type="" length="" isnull="" default=""/>
  <dataType name="C602.会员编号/会员卡号:varchar2(30)" type="" length="" isnull="" default=""/>
  <dataType name="C701.ICD-刻号:varchar2(3)" type="" length="" isnull="" default=""/>
  <dataType name="C702.ICD-BIN:varchar2(5)" type="" length="" isnull="" default=""/>
  <dataType name="C800.语言编号:varchar2(6)" type="" length="" isnull="" default=""/>
  <dataType name="C801.服务器编号:varchar2(20)" type="" length="" isnull="" default=""/>
  <dataType name="C802.数据库编号:varchar2(20)" type="" length="" isnull="" default=""/>
  <dataType name="C803.档案编号(TABLE):varchar2(15)" type="" length="" isnull="" default=""/>
  <dataType name="C804.字段代码(FIELD):varchar2(20)" type="" length="" isnull="" default=""/>
  <dataType name="C805.字段属性值:varchar2(4)" type="" length="" isnull="" default=""/>
  <dataType name="C806.字段型态:varchar2(20)" type="" length="" isnull="" default=""/>
  <dataType name="C807.字段默认值:varchar2(100)" type="" length="" isnull="" default=""/>
  <dataType name="C808.系统别(azz):varchar2(4)" type="" length="" isnull="" default=""/>
  <dataType name="C809.程序编号:varchar2(20)" type="" length="" isnull="" default=""/>
  <dataType name="C810.程序名称:varchar2(255)" type="" length="" isnull="" default=""/>
  <dataType name="C811.权限类别:varchar2(10)" type="" length="" isnull="" default=""/>
  <dataType name="C812.参照表编号:varchar2(5)" type="" length="" isnull="" default=""/>
  <dataType name="C813.营运据点:varchar2(10)" type="" length="" isnull="" default=""/>
  <dataType name="C814.行业别代码:varchar2(2)" type="" length="" isnull="" default=""/>
  <dataType name="C815.SQL Scripts:varchar2(2000)" type="" length="" isnull="" default=""/>
  <dataType name="C816.原因码/SCC/ACC:varchar2(10)" type="" length="" isnull="" default=""/>
  <dataType name="C817.多语言文件说明:varchar2(500)" type="" length="" isnull="" default=""/>
  <dataType name="C818.多语言文件助记码:varchar2(10)" type="" length="" isnull="" default=""/>
  <dataType name="C819.标识符(联络对象/地址/通讯):varchar2(20)" type="" length="" isnull="" default=""/>
  <dataType name="C820.系统账号:varchar2(20)" type="" length="" isnull="" default=""/>
  <dataType name="C821.提速檔提速值:varchar2(40)" type="" length="" isnull="" default=""/>
  <dataType name="C822.状态代码:varchar2(10)" type="" length="" isnull="" default=""/>
  <dataType name="C823.:varchar2(1000)" type="" length="" isnull="" default=""/>
  <dataType name="C901.设计器:标识符:varchar2(60)" type="" length="" isnull="" default=""/>
  <dataType name="C902.设计器:一般栏位:varchar2(15)" type="" length="" isnull="" default=""/>
  <dataType name="C903.设计器:设计代码:varchar2(20)" type="" length="" isnull="" default=""/>
  <dataType name="C904.组件代码:varchar2(40)" type="" length="" isnull="" default=""/>
  <dataType name="C905.设计器:版本:varchar2(20)" type="" length="" isnull="" default=""/>
  <dataType name="C911.设计器:客制标示:varchar2(1)" type="" length="" isnull="" default=""/>
  <dataType name="C941.:varchar2(5)" type="" length="" isnull="" default=""/>
  <dataType name="C942.:varchar2(2)" type="" length="" isnull="" default=""/>
  <dataType name="C943.:varchar2(500)" type="" length="" isnull="" default=""/>
  <dataType name="C951.纸张格式名称(GR专用):varchar2(100)" type="" length="" isnull="" default=""/>
  <dataType name="C952.字型/颜色(GR专用):varchar2(20)" type="" length="" isnull="" default=""/>
  <dataType name="D001.日期:date" type="" length="" isnull="" default=""/>
  <dataType name="D002.日期时间:timestamp(0)" type="" length="" isnull="" default=""/>
  <dataType name="D003.时间戳:timestamp(5)" type="" length="" isnull="" default=""/>
  <dataType name="N001.一般小整数:number(5,0)" type="" length="" isnull="" default=""/>
  <dataType name="N002.整数数值:number(10,0)" type="" length="" isnull="" default=""/>
  <dataType name="N003.一般数值:number(15,3)" type="" length="" isnull="" default=""/>
  <dataType name="N004.项次/序号:number(10,0)" type="" length="" isnull="" default=""/>
  <dataType name="N101.数量:number(20,6)" type="" length="" isnull="" default=""/>
  <dataType name="N102.重量:number(20,6)" type="" length="" isnull="" default=""/>
  <dataType name="N103.单位用量/底数/单耗:number(20,6)" type="" length="" isnull="" default=""/>
  <dataType name="N201.单价:number(20,6)" type="" length="" isnull="" default=""/>
  <dataType name="N202.金额:number(20,6)" type="" length="" isnull="" default=""/>
  <dataType name="N203.汇率:number(20,10)" type="" length="" isnull="" default=""/>
  <dataType name="N204.成本:number(20,6)" type="" length="" isnull="" default=""/>
  <dataType name="N205.成本金额:number(20,6)" type="" length="" isnull="" default=""/>
  <dataType name="N301.转换率/百分比/比率:number(20,6)" type="" length="" isnull="" default=""/>
  <dataType name="N302.税率:number(5,2)" type="" length="" isnull="" default=""/>
  <dataType name="N303.因子:number(5,3)" type="" length="" isnull="" default=""/>
  <dataType name="N304.允收水平:number(7,3)" type="" length="" isnull="" default=""/>
  <dataType name="N305.利率:number(10,6)" type="" length="" isnull="" default=""/>
  <dataType name="N401.年度:number(5,0)" type="" length="" isnull="" default=""/>
  <dataType name="N402.期别:number(5,0)" type="" length="" isnull="" default=""/>
  <dataType name="N403.时数/分数:number(15,3)" type="" length="" isnull="" default=""/>
  <dataType name="N601.积分:number(22,2)" type="" length="" isnull="" default=""/>
  <dataType name="N801.语言别:number(5)" type="" length="" isnull="" default=""/>
  <dataType name="N802.企业编号:number(5)" type="" length="" isnull="" default=""/>
  <dataType name="N803.服务器PORT:number(5)" type="" length="" isnull="" default=""/>
  <dataType name="N805.应用分类(ACC):number(5)" type="" length="" isnull="" default=""/>
  <dataType name="N806.系统分类(SCC):number(10)" type="" length="" isnull="" default=""/>
  <dataType name="N807.:number(20,0)" type="" length="" isnull="" default=""/>
  <dataType name="N901.字号(GR专用):number(5)" type="" length="" isnull="" default=""/>
  <dataType name="N902.定位点/字段宽度/纸张大小(GR:number(15,3)" type="" length="" isnull="" default=""/>
  <dataType name="N903.设计器版次:number(10)" type="" length="" isnull="" default=""/>
  <dataType name="X001.:varchar2(10)" type="" length="" isnull="" default=""/>
  <dataType name="X002.:varchar2(2)" type="" length="" isnull="" default=""/>
  <dataType name="X003.:" type="" length="" isnull="" default=""/>
</dataTypes>
