<?xml version="1.0" encoding="UTF-8" standalone="no"?>
<subinfo>
  <for_db value="0" desc="ALL"/>
  <for_db value="1" desc="ORACLE"/>
  <dimension no="1" desc="客制否">
    <class name="Guest" desc="客制"/>
    <class name="Standard" desc="标准"/>
  </dimension>
  <dimension no="2" desc="所属模块">
    <class name="ABG" desc="预算管理系统"/>
    <class name="ABM" desc="产品结构系统"/>
    <class name="ADB" desc="配销管理系统"/>
    <class name="ADE" desc="日结管理系统"/>
    <class name="ADZ" desc="程序产生设定管理系统"/>
    <class name="AEP" desc="费用管理系统"/>
    <class name="AGC" desc=""/>
    <class name="AGL" desc="总账管理系统"/>
    <class name="AIM" desc="库存管理系统"/>
    <class name="AIN" desc="库存管理系统"/>
    <class name="AIT" desc="研发测试模块"/>
    <class name="AMH" desc="招商管理系统"/>
    <class name="AMM" desc=""/>
    <class name="ANM" desc="资金管理"/>
    <class name="AOO" desc="整体系统管理"/>
    <class name="APM" desc=""/>
    <class name="AQC" desc="质量管理系统"/>
    <class name="ART" desc="零售管理系统"/>
    <class name="AXM" desc="销售管理系统"/>
    <class name="AXR" desc="应收帐款"/>
    <class name="AZZ" desc="系统管理系统"/>
    <class name="LIB" desc="共享功能函式"/>
    <class name="LNG" desc="多语言数据维护函式"/>
    <class name="QRY" desc="开窗查询函式"/>
    <class name="SUB" desc="共享副函式"/>
  </dimension>
  <dimension no="3" desc="所属对象">
    <class name="ITEM" desc="料件"/>
    <class name="OTHERS" desc="其他"/>
    <class name="PO" desc="订单"/>
    <class name="PR" desc="采购"/>
    <class name="SYS" desc="系统"/>
  </dimension>
  <dimension no="4" desc="按功能">
    <class name="batch_upd" desc="批次更新"/>
    <class name="carry" desc="抛转"/>
    <class name="chk" desc="检查"/>
    <class name="conf" desc="审核"/>
    <class name="del" desc="删除"/>
    <class name="new" desc="产生单据"/>
    <class name="others" desc="其他"/>
    <class name="post" desc="过账"/>
    <class name="qry" desc="查询"/>
    <class name="release" desc="发出"/>
    <class name="sel" desc="选取"/>
    <class name="undo_carry" desc="抛转还原"/>
    <class name="undo_conf" desc="取消审核"/>
    <class name="undo_post" desc="过账还原"/>
    <class name="upd" desc="更新"/>
  </dimension>
</subinfo>
